short,plataforma,publicado,archivo,md5,notas
001-pulpo,youtube,2026-10-03 13:45,001-pulpo.mp4,7d1729f3,hora aproximada
001-pulpo,instagram,2026-10-03 13:45,001-pulpo.mp4,7d1729f3,hora aproximada
001-pulpo,tiktok,2026-10-03 13:45,001-pulpo.mp4,7d1729f3,hora aproximada
001-pulpo,x,2026-10-03 13:45,001-pulpo.mp4,7d1729f3,hora aproximada
002-caballo,youtube,2026-10-03 15:45,002-caballo.mp4,95bada40,hora aproximada
002-caballo,instagram,2026-10-03 15:45,002-caballo.mp4,95bada40,hora aproximada
002-caballo,tiktok,2026-10-03 15:45,002-caballo.mp4,95bada40,hora aproximada
002-caballo,x,2026-10-03 15:45,002-caballo.mp4,95bada40,hora aproximada
003-rayo,youtube,2026-10-03 17:45,003-rayo.mp4,3ceb4775,hora aproximada
003-rayo,instagram,2026-10-03 17:45,003-rayo.mp4,3ceb4775,hora aproximada
003-rayo,tiktok,2026-10-03 17:45,003-rayo.mp4,3ceb4775,hora aproximada
003-rayo,x,2026-10-03 17:45,003-rayo.mp4,3ceb4775,hora aproximada
004-elefante,youtube,2026-10-03 20:45,004-elefante.mp4,5d4ac1e3,hora aproximada
004-elefante,instagram,2026-10-03 20:45,004-elefante.mp4,5d4ac1e3,hora aproximada
004-elefante,tiktok,2026-10-03 20:45,004-elefante.mp4,5d4ac1e3,hora aproximada
004-elefante,x,2026-10-03 20:45,004-elefante.mp4,5d4ac1e3,hora aproximada
005-caribe,youtube,2026-10-03 22:55,005-caribe_sin_ruidos.mp4,e8c1a9f7,hora aproximada
005-caribe,instagram,2026-10-03 22:55,005-caribe_sin_ruidos.mp4,e8c1a9f7,hora aproximada
005-caribe,tiktok,2026-10-03 22:55,005-caribe_sin_ruidos.mp4,e8c1a9f7,hora aproximada
005-caribe,x,2026-10-03 22:55,005-caribe_sin_ruidos.mp4,e8c1a9f7,hora aproximada
006-columna,youtube,2026-10-03 23:45,006-columna.mp4,ae2a3bb8,hora aproximada
006-columna,instagram,2026-10-03 23:45,006-columna.mp4,ae2a3bb8,hora aproximada
006-columna,tiktok,2026-10-03 23:45,006-columna.mp4,ae2a3bb8,hora aproximada
006-columna,x,2026-10-03 23:45,006-columna.mp4,ae2a3bb8,hora aproximada
